symbol,timestamp,open,high,low,close,volume,trade_count,vwap
QQQ,2022-01-18 05:00:00+00:00,374.04,376.22,369.7704,370.55,76986297.0,750197.0,372.640358
QQQ,2022-01-19 05:00:00+00:00,372.15,374.69,366.21,366.48,83770497.0,755437.0,370.667098
QQQ,2022-01-20 05:00:00+00:00,369.79,373.87,361.17,361.72,89071525.0,783124.0,368.631078
QQQ,2022-01-21 05:00:00+00:00,359.47,362.18,351.4,351.69,144404814.0,1408977.0,356.769721
QQQ,2022-01-24 05:00:00+00:00,345.905,353.98,334.15,353.3,200567588.0,2233536.0,343.282453
QQQ,2022-01-25 05:00:00+00:00,346.67,351.0295,341.68,345.11,125275247.0,1270382.0,345.390755
QQQ,2022-01-26 05:00:00+00:00,352.91,356.88,340.78,344.57,147398827.0,1506677.0,349.259793
QQQ,2022-01-27 05:00:00+00:00,349.4,351.27,340.05,341.1,96216780.0,973771.0,345.311949
QQQ,2022-01-28 05:00:00+00:00,343.03,352.02,337.95,351.8,108566652.0,905855.0,345.369797
QQQ,2022-01-31 05:00:00+00:00,353.2,363.65,351.52,363.05,95306289.0,784203.0,359.171958
QQQ,2022-02-01 05:00:00+00:00,364.43,366.19,359.14,365.52,75382875.0,664040.0,362.728361
QQQ,2022-02-02 05:00:00+00:00,369.76,370.1,364.285,368.49,79855982.0,766160.0,367.521045
QQQ,2022-02-03 05:00:00+00:00,358.53,361.93,352.46,353.55,96875534.0,939511.0,357.513646
QQQ,2022-02-04 05:00:00+00:00,354.08,361.4,351.97,358.01,86997403.0,841435.0,356.698889
QQQ,2022-02-07 05:00:00+00:00,358.62,361.05,353.84,355.13,58617855.0,605732.0,357.491558
QQQ,2022-02-08 05:00:00+00:00,353.96,360.24,352.8,359.12,65239934.0,573047.0,356.918674
QQQ,2022-02-09 05:00:00+00:00,363.76,366.81,362.12,366.73,56743509.0,453986.0,364.713219
QQQ,2022-02-10 05:00:00+00:00,359.52,366.4885,356.54,358.43,113563801.0,972702.0,361.734071
QQQ,2022-02-11 05:00:00+00:00,358.43,360.07,345.8,347.06,103074823.0,917151.0,352.412546
QQQ,2022-02-14 05:00:00+00:00,346.49,350.98,343.89,347.49,81049118.0,722562.0,347.655725
QQQ,2022-02-15 05:00:00+00:00,352.91,356.37,351.82,356.13,56148021.0,491850.0,354.202712
QQQ,2022-02-16 05:00:00+00:00,353.82,357.0896,350.71,356.04,59776534.0,511042.0,353.376929
QQQ,2022-02-17 05:00:00+00:00,352.74,353.46,345.02,345.45,62703849.0,516041.0,348.878994
QQQ,2022-02-18 05:00:00+00:00,346.41,346.81,339.14,341.51,80665780.0,694039.0,342.514762
QQQ,2022-02-22 05:00:00+00:00,338.49,344.04,334.35,338.08,86714434.0,689178.0,339.007029
QQQ,2022-02-23 05:00:00+00:00,341.32,342.183,329.1,329.42,87685569.0,706891.0,334.326651
QQQ,2022-02-24 05:00:00+00:00,318.84,341.04,318.26,340.49,132004638.0,1225832.0,330.161022
QQQ,2022-02-25 05:00:00+00:00,341.31,345.98,337.39,345.77,79438449.0,691383.0,342.910098
QQQ,2022-02-28 05:00:00+00:00,342.51,348.54,341.32,346.8,78523644.0,856607.0,344.58449
QQQ,2022-03-01 05:00:00+00:00,345.75,348.078,338.9,341.49,67932627.0,763563.0,343.689996
QQQ,2022-03-02 05:00:00+00:00,343.08,348.59,340.24,347.22,71504241.0,750674.0,345.078589
QQQ,2022-03-03 05:00:00+00:00,349.93,350.04,340.35,342.26,71759997.0,691273.0,344.353936
QQQ,2022-03-04 05:00:00+00:00,339.84,341.31,334.92,337.3,78396304.0,759084.0,337.312744
QQQ,2022-03-07 05:00:00+00:00,337.29,338.48,324.65,324.86,90771780.0,921615.0,330.192533
QQQ,2022-03-08 05:00:00+00:00,324.05,333.21,319.94,323.35,116915533.0,1289433.0,325.549359
QQQ,2022-03-09 05:00:00+00:00,331.75,336.38,329.09,334.99,65685379.0,647284.0,333.192046
QQQ,2022-03-10 05:00:00+00:00,330.82,332.51,326.71,331.27,69982940.0,711872.0,329.707887
QQQ,2022-03-11 05:00:00+00:00,334.32,334.64,323.9,324.4,66662338.0,671685.0,328.625324
QQQ,2022-03-14 04:00:00+00:00,323.13,326.59,317.45,318.17,80580807.0,854110.0,321.089445
QQQ,2022-03-15 04:00:00+00:00,320.88,328.95,319.23,328.15,77280679.0,723797.0,324.697377
QQQ,2022-03-16 04:00:00+00:00,332.17,340.44,328.401,340.32,107109357.0,992124.0,335.161942
QQQ,2022-03-17 04:00:00+00:00,338.37,344.5,337.0406,344.44,68958852.0,616755.0,340.860846
QQQ,2022-03-18 04:00:00+00:00,342.74,351.79,341.55,351.49,86724582.0,632949.0,348.158781
QQQ,2022-03-21 04:00:00+00:00,350.2,352.48,345.575,350.08,74264816.0,682345.0,348.887524
QQQ,2022-03-22 04:00:00+00:00,350.59,357.85,350.2,356.96,64582669.0,537085.0,355.516035
QQQ,2022-03-23 04:00:00+00:00,354.01,357.66,351.77,351.83,71126411.0,556394.0,354.114134
QQQ,2022-03-24 04:00:00+00:00,353.8,359.7,351.5939,359.65,54106778.0,508267.0,355.730116
QQQ,2022-03-25 04:00:00+00:00,359.59,360.67,354.9438,359.35,57836281.0,508702.0,357.904862
QQQ,2022-03-28 04:00:00+00:00,359.34,365.01,358.07,364.91,57994002.0,549459.0,361.749235
QQQ,2022-03-29 04:00:00+00:00,368.9,371.83,366.06,371.19,69176176.0,654555.0,369.228387
QQQ,2022-03-30 04:00:00+00:00,369.275,370.98,365.57,367.09,69393746.0,585530.0,368.432317
QQQ,2022-03-31 04:00:00+00:00,367.24,367.6,361.68,362.54,67472737.0,546260.0,364.960223
QQQ,2022-04-01 04:00:00+00:00,362.81,363.61,358.59,361.85,55005279.0,530634.0,360.830647
QQQ,2022-04-04 04:00:00+00:00,362.71,369.31,362.44,369.3,46596997.0,400281.0,367.284534
QQQ,2022-04-05 04:00:00+00:00,367.81,368.54,359.93,361.1,63560377.0,607745.0,363.230697
QQQ,2022-04-06 04:00:00+00:00,355.65,356.78,350.56,353.26,90277257.0,992950.0,353.393079
QQQ,2022-04-07 04:00:00+00:00,352.24,356.35,348.69,354.1,63916843.0,626367.0,352.971558
QQQ,2022-04-08 04:00:00+00:00,352.32,353.09,348.5,349.15,62026998.0,576853.0,350.646113
QQQ,2022-04-11 04:00:00+00:00,344.81,345.75,340.535,340.89,67023154.0,594084.0,342.869283
QQQ,2022-04-12 04:00:00+00:00,345.76,347.69,338.035,339.45,73535610.0,693401.0,342.798565
QQQ,2022-04-13 04:00:00+00:00,339.8,347.43,339.06,346.35,62178523.0,543871.0,344.354097
QQQ,2022-04-14 04:00:00+00:00,346.44,346.97,338.21,338.43,74228496.0,595810.0,341.520493
QQQ,2022-04-18 04:00:00+00:00,337.35,341.04,335.791,338.69,59051760.0,545688.0,338.535953
QQQ,2022-04-19 04:00:00+00:00,338.03,346.85,336.98,346.26,57208254.0,470079.0,343.847087
QQQ,2022-04-20 04:00:00+00:00,347.09,347.56,339.96,341.21,66133462.0,576504.0,342.68468
QQQ,2022-04-21 04:00:00+00:00,345.19,347.87,333.2,334.15,76641441.0,704366.0,339.586711
QQQ,2022-04-22 04:00:00+00:00,334.31,335.56,324.96,325.4,83197354.0,738469.0,329.703026
QQQ,2022-04-25 04:00:00+00:00,323.73,329.9,322.43,329.58,102292979.0,903582.0,325.606992
QQQ,2022-04-26 04:00:00+00:00,327.47,327.66,316.855,317.14,106763093.0,940706.0,320.577214
QQQ,2022-04-27 04:00:00+00:00,317.24,322.88,315.0,316.76,111782894.0,925475.0,318.89928
QQQ,2022-04-28 04:00:00+00:00,321.85,329.89,317.52,328.01,100154130.0,773795.0,324.02715
QQQ,2022-04-29 04:00:00+00:00,323.7,327.225,312.6,313.25,92801688.0,790473.0,319.125382
QQQ,2022-05-02 04:00:00+00:00,312.83,318.72,309.645,318.48,116270777.0,1067841.0,314.087391
QQQ,2022-05-03 04:00:00+00:00,318.5,321.17,315.98,318.82,78650594.0,693429.0,318.523718
QQQ,2022-05-04 04:00:00+00:00,319.31,330.29,313.891,329.6,116991334.0,1075635.0,320.901594
QQQ,2022-05-05 04:00:00+00:00,325.17,325.25,309.62,313.0,155948480.0,1342556.0,315.046413
QQQ,2022-05-06 04:00:00+00:00,310.95,315.09,305.105,309.25,140036608.0,1343392.0,309.849911
QQQ,2022-05-09 04:00:00+00:00,303.48,309.3487,295.72,297.15,114696393.0,1048530.0,300.05479
QQQ,2022-05-10 04:00:00+00:00,304.51,305.76,296.57,300.76,124866412.0,1050933.0,301.39809
QQQ,2022-05-11 04:00:00+00:00,298.44,304.09,290.95,291.84,140988557.0,1215819.0,297.008842
QQQ,2022-05-12 04:00:00+00:00,287.45,295.75,284.94,291.15,121719199.0,1072515.0,289.388553
QQQ,2022-05-13 04:00:00+00:00,295.72,302.999,294.0825,301.94,84897115.0,664665.0,300.160338
QQQ,2022-05-16 04:00:00+00:00,300.15,302.26,297.13,298.44,59770262.0,541269.0,299.455847
QQQ,2022-05-17 04:00:00+00:00,304.45,306.56,300.55,306.17,63387691.0,517342.0,303.99992
QQQ,2022-05-18 04:00:00+00:00,301.54,302.25,289.85,291.14,80615068.0,648092.0,294.932892
QQQ,2022-05-19 04:00:00+00:00,289.29,294.39,287.58,289.58,80142981.0,697275.0,290.919776
QQQ,2022-05-20 04:00:00+00:00,293.13,293.8,280.21,288.68,91828579.0,717303.0,286.008853
QQQ,2022-05-23 04:00:00+00:00,289.75,293.87,287.29,293.48,64258125.0,501230.0,291.204846
QQQ,2022-05-24 04:00:00+00:00,288.125,288.86,282.25,287.24,74128289.0,573393.0,285.515696
QQQ,2022-05-25 04:00:00+00:00,285.71,293.39,285.5,291.26,67888465.0,517300.0,289.520995
QQQ,2022-05-26 04:00:00+00:00,290.44,300.92,290.15,299.33,60217922.0,420638.0,297.869981
QQQ,2022-05-27 04:00:00+00:00,302.54,309.25,302.42,309.1,67738558.0,421919.0,306.561522
QQQ,2022-05-31 04:00:00+00:00,309.07,311.33,304.33,308.28,61209134.0,446946.0,308.365085
QQQ,2022-06-01 04:00:00+00:00,310.47,312.65,303.73,306.0,65803070.0,466380.0,307.675184
QQQ,2022-06-02 04:00:00+00:00,304.85,314.56,303.4001,314.38,60108413.0,454827.0,310.085866
QQQ,2022-06-03 04:00:00+00:00,309.03,310.47,304.92,306.2,60957910.0,484732.0,307.045965
QQQ,2022-06-06 04:00:00+00:00,310.75,312.35,305.62,307.22,52226319.0,385727.0,308.762721
QQQ,2022-06-07 04:00:00+00:00,303.81,310.67,302.6886,309.87,45480110.0,373301.0,307.648562
QQQ,2022-06-08 04:00:00+00:00,309.05,311.72,306.77,307.64,38715093.0,299870.0,309.096647
QQQ,2022-06-09 04:00:00+00:00,305.91,309.05,299.23,299.4,56561162.0,380047.0,304.648244
QQQ,2022-06-10 04:00:00+00:00,293.65,294.87,288.384,288.84,86912794.0,644214.0,290.297558
QQQ,2022-06-13 04:00:00+00:00,279.75,282.34,274.53,275.41,95749412.0,719535.0,277.935043
QQQ,2022-06-14 04:00:00+00:00,277.66,278.66,273.3375,275.91,65321793.0,486678.0,276.057195
QQQ,2022-06-15 04:00:00+00:00,279.415,286.83,276.61,282.8,87101600.0,704471.0,281.513043
QQQ,2022-06-16 04:00:00+00:00,275.59,276.06,269.28,271.39,83126619.0,586991.0,272.126389
QQQ,2022-06-17 04:00:00+00:00,272.18,277.19,270.5119,274.69,83564471.0,515255.0,274.411489
QQQ,2022-06-21 04:00:00+00:00,278.75,283.45,278.64,281.08,52365485.0,357879.0,281.817446
QQQ,2022-06-22 04:00:00+00:00,278.52,285.18,277.91,280.67,67995144.0,395443.0,282.156954
QQQ,2022-06-23 04:00:00+00:00,283.21,285.72,280.31,284.85,57967762.0,424389.0,282.956437
QQQ,2022-06-24 04:00:00+00:00,287.74,295.04,287.5001,294.61,58464801.0,393601.0,291.985506
QQQ,2022-06-27 04:00:00+00:00,296.0,296.5799,291.29,292.45,54635863.0,355000.0,293.183642
QQQ,2022-06-28 04:00:00+00:00,293.0,295.65,283.35,283.54,62313228.0,416077.0,288.102047
QQQ,2022-06-29 04:00:00+00:00,283.4,285.34,280.84,283.8,57702484.0,379613.0,283.434438
QQQ,2022-06-30 04:00:00+00:00,280.75,283.9441,275.78,280.28,79793939.0,531976.0,280.01708
QQQ,2022-07-01 04:00:00+00:00,278.95,282.53,277.03,282.13,57258530.0,409971.0,279.864082
QQQ,2022-07-05 04:00:00+00:00,278.31,287.08,276.7501,286.96,62481511.0,463509.0,281.9976
QQQ,2022-07-06 04:00:00+00:00,287.35,290.95,285.59,288.8,64298257.0,462448.0,287.837075
QQQ,2022-07-07 04:00:00+00:00,289.63,295.7,289.63,294.98,58091627.0,347572.0,293.667738
QQQ,2022-07-08 04:00:00+00:00,292.08,296.75,291.12,295.35,60460925.0,415073.0,294.380913
QQQ,2022-07-11 04:00:00+00:00,292.88,293.11,288.14,289.04,56318294.0,369033.0,289.76948
QQQ,2022-07-12 04:00:00+00:00,290.32,292.28,284.61,286.24,56520174.0,398583.0,288.184934
QQQ,2022-07-13 04:00:00+00:00,280.6,288.05,280.02,285.65,74376606.0,512045.0,285.055934
QQQ,2022-07-14 04:00:00+00:00,282.99,287.56,279.8,286.67,64300422.0,456010.0,283.611207
QQQ,2022-07-15 04:00:00+00:00,289.73,291.98,288.08,291.87,63879043.0,375930.0,290.592309
QQQ,2022-07-18 04:00:00+00:00,294.72,296.16,288.2,289.4,60040185.0,378731.0,292.736757
QQQ,2022-07-19 04:00:00+00:00,293.11,298.6,291.47,298.3,55955017.0,382776.0,295.929911
QQQ,2022-07-20 04:00:00+00:00,298.73,304.24,297.9329,303.03,68716141.0,480280.0,301.843771
QQQ,2022-07-21 04:00:00+00:00,303.5,307.435,300.78,307.38,55941643.0,382848.0,304.825669
QQQ,2022-07-22 04:00:00+00:00,306.43,308.55,300.115,301.99,57522703.0,421687.0,303.4556
QQQ,2022-07-25 04:00:00+00:00,302.02,302.5,298.22,300.27,41083333.0,335367.0,300.214574
QQQ,2022-07-26 04:00:00+00:00,298.53,298.79,293.54,294.37,50861955.0,354374.0,295.426154
QQQ,2022-07-27 04:00:00+00:00,299.04,308.54,298.46,306.81,70144955.0,511382.0,304.074297
QQQ,2022-07-28 04:00:00+00:00,306.59,310.3965,302.745,309.81,55808648.0,411776.0,307.251503
QQQ,2022-07-29 04:00:00+00:00,311.385,316.39,309.931,315.46,58062103.0,399912.0,313.634999
QQQ,2022-08-01 04:00:00+00:00,313.65,318.81,312.53,315.27,46812897.0,353428.0,315.830434
QQQ,2022-08-02 04:00:00+00:00,312.92,318.545,311.8401,314.33,49171957.0,361866.0,315.036778
QQQ,2022-08-03 04:00:00+00:00,316.05,323.7291,315.99,322.89,54695529.0,376246.0,321.03205
QQQ,2022-08-04 04:00:00+00:00,322.97,324.72,320.77,324.4,39564479.0,306335.0,323.096941
QQQ,2022-08-05 04:00:00+00:00,319.19,323.83,318.39,321.75,54349559.0,404567.0,320.84923
QQQ,2022-08-08 04:00:00+00:00,322.69,326.47,319.21,320.71,44445965.0,365115.0,322.512844
QQQ,2022-08-09 04:00:00+00:00,318.77,319.03,315.42,317.08,40262237.0,301990.0,316.919837
QQQ,2022-08-10 04:00:00+00:00,324.59,326.23,322.0601,325.93,52273171.0,375985.0,324.642432
QQQ,2022-08-11 04:00:00+00:00,328.305,330.36,323.36,324.08,46603396.0,355464.0,326.585027
QQQ,2022-08-12 04:00:00+00:00,326.175,330.585,325.1001,330.39,41458270.0,281287.0,328.23378
QQQ,2022-08-15 04:00:00+00:00,329.42,333.5652,329.4,333.06,38764679.0,265051.0,331.653241
QQQ,2022-08-16 04:00:00+00:00,332.055,334.4209,329.16,332.28,41475697.0,297401.0,331.889792
QQQ,2022-08-17 04:00:00+00:00,329.07,331.43,326.36,328.49,48334888.0,356551.0,328.646868
QQQ,2022-08-18 04:00:00+00:00,328.44,330.49,326.79,329.28,42598222.0,259033.0,329.13392
QQQ,2022-08-19 04:00:00+00:00,326.17,326.84,322.08,322.86,52428587.0,310750.0,323.484736
QQQ,2022-08-22 04:00:00+00:00,318.5,318.74,313.53,314.36,51999238.0,334645.0,315.579571
QQQ,2022-08-23 04:00:00+00:00,314.12,317.0,313.33,314.1,40072455.0,260790.0,314.814187
QQQ,2022-08-24 04:00:00+00:00,313.61,316.87,312.99,315.01,38503850.0,245431.0,315.053859
QQQ,2022-08-25 04:00:00+00:00,316.83,320.6,315.7577,320.58,38656960.0,235799.0,318.233918
QQQ,2022-08-26 04:00:00+00:00,320.28,321.51,307.35,307.44,69804044.0,482601.0,312.805463
QQQ,2022-08-29 04:00:00+00:00,304.62,307.22,303.28,304.41,48972988.0,346222.0,305.419927
QQQ,2022-08-30 04:00:00+00:00,306.1,306.73,298.44,301.02,51927306.0,371621.0,301.226508
QQQ,2022-08-31 04:00:00+00:00,303.99,304.91,299.16,299.27,50603333.0,335761.0,301.246765
QQQ,2022-09-01 04:00:00+00:00,296.72,299.78,292.95,299.4,58602430.0,412590.0,295.844361
QQQ,2022-09-02 04:00:00+00:00,302.34,303.75,293.52,295.17,65529812.0,457427.0,298.336552
QQQ,2022-09-06 04:00:00+00:00,295.66,296.6,290.87,293.05,57466997.0,374808.0,293.531818
QQQ,2022-09-07 04:00:00+00:00,293.54,299.99,293.27,298.97,49884279.0,308969.0,296.635833
QQQ,2022-09-08 04:00:00+00:00,296.85,301.87,295.45,300.52,55971049.0,354920.0,298.759503
QQQ,2022-09-09 04:00:00+00:00,302.83,307.6,300.5209,307.09,57164772.0,316138.0,305.935229
QQQ,2022-09-12 04:00:00+00:00,308.5,311.08,308.18,310.74,46674350.0,301911.0,309.922601
QQQ,2022-09-13 04:00:00+00:00,301.8,303.02,292.785,293.7,80944160.0,540818.0,297.358493
QQQ,2022-09-14 04:00:00+00:00,294.865,296.93,293.06,296.03,55433751.0,399543.0,294.987171
QQQ,2022-09-15 04:00:00+00:00,294.07,296.53,289.46,291.1,66002623.0,446838.0,292.492246
QQQ,2022-09-16 04:00:00+00:00,287.72,289.72,285.62,289.32,79962623.0,489151.0,287.497969
QQQ,2022-09-19 04:00:00+00:00,286.1,291.21,286.04,291.05,53057247.0,339460.0,288.831887
QQQ,2022-09-20 04:00:00+00:00,288.49,291.07,286.38,288.73,51591907.0,353281.0,288.649026
QQQ,2022-09-21 04:00:00+00:00,289.59,293.95,283.42,283.56,83439931.0,581750.0,288.591446
QQQ,2022-09-22 04:00:00+00:00,282.0,283.03,278.815,280.07,63518183.0,432850.0,280.752285
QQQ,2022-09-23 04:00:00+00:00,277.55,277.85,272.02,275.51,75722498.0,514858.0,274.984289
QQQ,2022-09-26 04:00:00+00:00,275.03,279.49,273.56,274.37,71693984.0,412785.0,276.02352
QQQ,2022-09-27 04:00:00+00:00,277.81,280.21,272.11,274.48,70466992.0,459354.0,275.392044
QQQ,2022-09-28 04:00:00+00:00,274.46,281.25,272.945,279.94,80599650.0,400306.0,277.328409
QQQ,2022-09-29 04:00:00+00:00,275.86,276.25,268.84,271.87,82389475.0,519737.0,271.580822
QQQ,2022-09-30 04:00:00+00:00,271.03,275.19,267.1,267.26,78723837.0,453856.0,270.93252
QQQ,2022-10-03 04:00:00+00:00,269.07,275.16,267.53,273.53,62145131.0,362497.0,272.158079
QQQ,2022-10-04 04:00:00+00:00,278.99,282.85,278.99,282.13,67688203.0,400276.0,281.382767
QQQ,2022-10-05 04:00:00+00:00,278.28,283.81,275.42,281.98,56254410.0,364158.0,279.512078
QQQ,2022-10-06 04:00:00+00:00,280.96,284.18,279.43,279.76,53944652.0,337900.0,281.129848
QQQ,2022-10-07 04:00:00+00:00,275.02,275.15,267.74,269.1,72286101.0,430470.0,270.866285
QQQ,2022-10-10 04:00:00+00:00,269.3,269.7,263.64,266.41,60983049.0,404475.0,266.409491
QQQ,2022-10-11 04:00:00+00:00,264.7,267.63,261.03,262.75,67175470.0,430596.0,263.984336
QQQ,2022-10-12 04:00:00+00:00,263.4,265.36,261.95,262.66,50961509.0,360839.0,263.517066
QQQ,2022-10-13 04:00:00+00:00,255.16,270.17,254.26,268.82,113480678.0,766222.0,263.907287
QQQ,2022-10-14 04:00:00+00:00,271.2,271.81,260.14,260.74,77910412.0,517076.0,264.141488
QQQ,2022-10-17 04:00:00+00:00,266.84,270.24,266.74,269.35,65455997.0,415119.0,269.017722
QQQ,2022-10-18 04:00:00+00:00,276.53,277.21,268.74,271.48,70423517.0,497611.0,272.098046
QQQ,2022-10-19 04:00:00+00:00,269.93,273.68,268.07,270.49,53533553.0,341938.0,270.482197
QQQ,2022-10-20 04:00:00+00:00,269.58,274.84,267.92,269.11,60953594.0,399770.0,271.126823
QQQ,2022-10-21 04:00:00+00:00,267.98,275.969,266.8236,275.42,78829112.0,492642.0,272.066426
QQQ,2022-10-24 04:00:00+00:00,275.69,279.4,271.97,278.45,64764467.0,409146.0,276.282201
QQQ,2022-10-25 04:00:00+00:00,279.41,284.6,277.9,284.21,59641368.0,359666.0,282.823756
QQQ,2022-10-26 04:00:00+00:00,278.46,283.98,277.43,277.93,64772120.0,447704.0,280.015609
QQQ,2022-10-27 04:00:00+00:00,276.79,278.2795,272.34,272.87,58564193.0,440180.0,274.557373
QQQ,2022-10-28 04:00:00+00:00,272.23,281.698,272.06,281.22,63359442.0,436058.0,278.168285
QQQ,2022-10-31 04:00:00+00:00,278.92,279.76,275.99,277.95,48435898.0,378178.0,277.991218
QQQ,2022-11-01 04:00:00+00:00,281.495,282.07,274.74,275.11,46404274.0,345402.0,276.924844
QQQ,2022-11-02 04:00:00+00:00,275.08,278.21,265.61,265.68,80735858.0,542938.0,272.206765
QQQ,2022-11-03 04:00:00+00:00,263.01,264.5,260.1,260.49,71226500.0,474148.0,262.171113
QQQ,2022-11-04 04:00:00+00:00,265.53,266.61,259.08,264.68,78823817.0,596051.0,262.707893
QQQ,2022-11-07 05:00:00+00:00,265.75,268.14,263.57,267.59,48083516.0,324066.0,265.897023
QQQ,2022-11-08 05:00:00+00:00,269.14,272.85,265.52,269.54,64028096.0,394140.0,269.540353
QQQ,2022-11-09 05:00:00+00:00,267.76,268.56,263.03,263.32,65664693.0,444110.0,265.707969
QQQ,2022-11-10 05:00:00+00:00,276.01,283.05,273.85,282.75,101269610.0,700410.0,278.851348
QQQ,2022-11-11 05:00:00+00:00,282.56,288.64,281.19,287.96,67671931.0,443852.0,285.748949
QQQ,2022-11-14 05:00:00+00:00,285.86,289.215,284.44,285.44,56120523.0,374849.0,286.671766
QQQ,2022-11-15 05:00:00+00:00,292.21,293.26,285.97,289.39,74681258.0,546408.0,290.220695
QQQ,2022-11-16 05:00:00+00:00,287.39,289.4838,284.6,285.44,49500615.0,347855.0,286.041227
QQQ,2022-11-17 05:00:00+00:00,280.88,286.3189,280.72,284.81,55997667.0,351542.0,283.651276
QQQ,2022-11-18 05:00:00+00:00,287.89,287.99,282.3211,284.82,54121950.0,308977.0,284.465584
QQQ,2022-11-21 05:00:00+00:00,283.4,284.58,281.04,281.89,40619942.0,273612.0,282.338102
QQQ,2022-11-22 05:00:00+00:00,282.64,286.11,280.46,285.95,42675027.0,268309.0,283.515256
QQQ,2022-11-23 05:00:00+00:00,285.97,289.46,285.79,288.82,46986528.0,289694.0,288.095167
QQQ,2022-11-25 05:00:00+00:00,287.19,287.91,286.42,286.92,15677023.0,137811.0,287.140402
QQQ,2022-11-28 05:00:00+00:00,284.9,286.96,281.76,282.71,39622187.0,271661.0,284.035378
QQQ,2022-11-29 05:00:00+00:00,282.94,283.35,279.17,280.57,36314700.0,276088.0,280.951776
QQQ,2022-11-30 05:00:00+00:00,280.84,293.47,279.97,293.36,76115328.0,489459.0,286.757168
QQQ,2022-12-01 05:00:00+00:00,293.69,295.75,290.88,293.72,52154044.0,361657.0,293.449874
QQQ,2022-12-02 05:00:00+00:00,288.54,293.45,288.36,292.55,54724070.0,350361.0,290.760155
QQQ,2022-12-05 05:00:00+00:00,290.38,291.68,286.15,287.64,42193977.0,270312.0,288.621406
QQQ,2022-12-06 05:00:00+00:00,287.48,287.62,280.255,281.68,55140114.0,364099.0,282.641245
QQQ,2022-12-07 05:00:00+00:00,280.47,282.57,278.7801,280.53,46620299.0,293218.0,280.47247
QQQ,2022-12-08 05:00:00+00:00,281.91,284.84,279.79,283.85,43087560.0,282922.0,283.140463
QQQ,2022-12-09 05:00:00+00:00,282.81,285.64,281.59,282.04,48256345.0,306739.0,283.801969
QQQ,2022-12-12 05:00:00+00:00,282.22,285.64,281.16,285.58,36461346.0,254254.0,283.049242
QQQ,2022-12-13 05:00:00+00:00,296.65,296.875,285.91,288.65,82648151.0,555906.0,290.745658
QQQ,2022-12-14 05:00:00+00:00,288.05,291.41,283.19,286.51,65528530.0,490986.0,287.707829
QQQ,2022-12-15 05:00:00+00:00,282.33,283.01,275.67,276.89,61652353.0,461423.0,277.90913
QQQ,2022-12-16 05:00:00+00:00,276.2,277.77,272.61,274.25,68847971.0,376292.0,274.429192
QQQ,2022-12-19 05:00:00+00:00,273.87,273.96,268.49,269.75,44910945.0,306296.0,270.511017
QQQ,2022-12-20 05:00:00+00:00,268.56,271.32,266.95,269.54,51453657.0,261395.0,269.435647
QQQ,2022-12-21 05:00:00+00:00,270.6,274.78,269.74,273.45,47102109.0,262102.0,272.95642
QQQ,2022-12-22 05:00:00+00:00,270.38,270.5149,262.455,266.76,61504271.0,415778.0,265.619555
QQQ,2022-12-23 05:00:00+00:00,265.47,268.04,263.53,267.36,40158657.0,255974.0,266.193862
QQQ,2022-12-27 05:00:00+00:00,266.74,266.85,263.03,263.58,38778926.0,278825.0,264.411056
QQQ,2022-12-28 05:00:00+00:00,263.17,265.47,259.73,260.1,47583631.0,317272.0,261.899004
QQQ,2022-12-29 05:00:00+00:00,262.96,267.405,262.25,266.44,46603877.0,261245.0,265.945809
QQQ,2022-12-30 05:00:00+00:00,263.62,266.41,262.29,266.28,38484592.0,269327.0,264.284158
QQQ,2023-01-03 05:00:00+00:00,268.65,270.155,262.13,264.48,42811556.0,357072.0,264.863499
QQQ,2023-01-04 05:00:00+00:00,266.64,267.45,262.53,265.74,48183110.0,346697.0,265.305468
QQQ,2023-01-05 05:00:00+00:00,264.04,264.21,261.26,261.58,46112140.0,296085.0,262.520341
QQQ,2023-01-06 05:00:00+00:00,263.35,269.94,260.34,268.8,55494289.0,369601.0,266.14092
QQQ,2023-01-09 05:00:00+00:00,270.83,275.29,269.92,270.54,46027182.0,330894.0,272.809262
QQQ,2023-01-10 05:00:00+00:00,269.49,272.94,268.97,272.83,35594348.0,280297.0,271.279144
QQQ,2023-01-11 05:00:00+00:00,273.92,277.66,273.12,277.55,44757374.0,302819.0,275.60791
QQQ,2023-01-12 05:00:00+00:00,278.12,280.1,273.74,279.05,61051591.0,425588.0,277.808086
QQQ,2023-01-13 05:00:00+00:00,276.5,281.219,276.16,280.97,46333790.0,304129.0,279.123582
QQQ,2023-01-17 05:00:00+00:00,280.77,282.85,279.581,281.54,36709011.0,264397.0,281.278023
QQQ,2023-01-18 05:00:00+00:00,283.11,284.69,277.67,277.88,48246104.0,331930.0,280.461159
QQQ,2023-01-19 05:00:00+00:00,276.22,277.375,273.89,275.15,44579262.0,297579.0,275.648082
QQQ,2023-01-20 05:00:00+00:00,276.79,283.02,275.71,282.68,61037742.0,327146.0,280.068789
QQQ,2023-01-23 05:00:00+00:00,283.54,290.21,282.73,288.96,53304149.0,346609.0,287.894349
QQQ,2023-01-24 05:00:00+00:00,287.31,289.55,286.78,288.37,45268727.0,276586.0,288.265691
QQQ,2023-01-25 05:00:00+00:00,283.77,288.36,281.18,287.73,51319346.0,368205.0,284.614176
QQQ,2023-01-26 05:00:00+00:00,291.22,293.52,288.519,293.34,52016979.0,335985.0,291.289905
QQQ,2023-01-27 05:00:00+00:00,292.0,298.26,291.88,296.26,57204899.0,352787.0,295.656409
QQQ,2023-01-30 05:00:00+00:00,292.93,294.38,289.89,290.27,49965896.0,335768.0,291.558677
QQQ,2023-01-31 05:00:00+00:00,290.31,294.72,290.2,294.62,47199466.0,284932.0,292.667053
QQQ,2023-02-01 05:00:00+00:00,294.41,303.43,292.3,300.92,68246748.0,520597.0,297.236751
QQQ,2023-02-02 05:00:00+00:00,307.57,313.68,306.73,311.72,84095239.0,565648.0,309.972786
QQQ,2023-02-03 05:00:00+00:00,304.94,312.39,304.54,306.18,77184876.0,542659.0,308.352616
QQQ,2023-02-06 05:00:00+00:00,303.51,305.91,302.22,303.59,41426828.0,312183.0,304.064197
QQQ,2023-02-07 05:00:00+00:00,303.46,311.03,302.32,309.88,68006712.0,478281.0,306.255017
QQQ,2023-02-08 05:00:00+00:00,308.54,309.5,303.67,304.37,57453826.0,353365.0,305.766941
QQQ,2023-02-09 05:00:00+00:00,308.84,308.99,300.2,301.68,49536623.0,366842.0,304.561947
QQQ,2023-02-10 05:00:00+00:00,299.48,301.57,297.25,299.7,50831852.0,358021.0,299.429628
QQQ,2023-02-13 05:00:00+00:00,301.13,305.1,299.93,304.5,40227914.0,280028.0,303.443572
QQQ,2023-02-14 05:00:00+00:00,302.89,307.72,300.91,306.75,64548090.0,478456.0,304.68801
QQQ,2023-02-15 05:00:00+00:00,304.9,309.27,304.2,309.1,43727624.0,310915.0,306.938448
QQQ,2023-02-16 05:00:00+00:00,304.38,308.43,303.15,303.3,59964747.0,427609.0,305.930985
QQQ,2023-02-17 05:00:00+00:00,301.07,301.93,298.1,301.16,57824806.0,363583.0,300.024936
QQQ,2023-02-21 05:00:00+00:00,297.26,298.73,293.89,294.03,47456062.0,315146.0,295.737305
QQQ,2023-02-22 05:00:00+00:00,294.62,296.3599,292.56,294.25,51803078.0,337227.0,294.390251
QQQ,2023-02-23 05:00:00+00:00,297.97,298.13,292.55,296.82,69693261.0,500582.0,295.647644
QQQ,2023-02-24 05:00:00+00:00,291.76,292.97,290.05,291.85,74874238.0,525184.0,291.208222
QQQ,2023-02-27 05:00:00+00:00,295.07,296.49,293.34,293.94,49553397.0,366107.0,294.584953
QQQ,2023-02-28 05:00:00+00:00,293.3,296.124,292.96,293.56,48659121.0,390571.0,294.469691
QQQ,2023-03-01 05:00:00+00:00,293.26,293.93,290.2,291.2,58832638.0,472985.0,291.728124
QQQ,2023-03-02 05:00:00+00:00,288.66,294.43,288.37,293.61,54346619.0,443703.0,291.208223
QQQ,2023-03-03 05:00:00+00:00,295.39,299.92,294.87,299.68,61047070.0,435402.0,297.895135
QQQ,2023-03-06 05:00:00+00:00,300.94,304.0,299.82,300.02,57266053.0,398000.0,301.642747
QQQ,2023-03-07 05:00:00+00:00,300.07,301.01,295.72,296.34,66037332.0,545931.0,297.830761
QQQ,2023-03-08 05:00:00+00:00,296.77,298.43,294.88,297.82,51222434.0,447837.0,296.876992
QQQ,2023-03-09 05:00:00+00:00,298.33,300.98,291.8299,292.66,72035779.0,518184.0,296.406838
QQQ,2023-03-10 05:00:00+00:00,292.83,294.35,287.38,288.55,99487991.0,824225.0,290.150903
QQQ,2023-03-13 04:00:00+00:00,286.73,294.47,285.19,290.69,97746368.0,1053851.0,291.134786
QQQ,2023-03-14 04:00:00+00:00,294.31,297.93,293.45,297.37,74357118.0,617328.0,296.003506
QQQ,2023-03-15 04:00:00+00:00,294.71,299.27,293.24,298.93,84171732.0,888947.0,296.2141
QQQ,2023-03-16 04:00:00+00:00,298.0,307.18,297.19,306.81,99521094.0,759592.0,303.779428
QQQ,2023-03-17 04:00:00+00:00,306.72,309.15,303.37,305.36,87003418.0,613342.0,305.61334
QQQ,2023-03-20 04:00:00+00:00,304.26,306.3,302.01,305.97,56818056.0,509516.0,304.418257
QQQ,2023-03-21 04:00:00+00:00,307.94,310.8,306.395,310.34,50469455.0,417379.0,308.552041
QQQ,2023-03-22 04:00:00+00:00,310.27,315.25,305.95,306.12,76190202.0,765219.0,311.181134
QQQ,2023-03-23 04:00:00+00:00,309.92,314.15,307.01,309.75,74695136.0,615159.0,310.758091
QQQ,2023-03-24 04:00:00+00:00,309.32,310.99,306.95,310.89,57580618.0,533419.0,308.953558
QQQ,2023-03-27 04:00:00+00:00,311.6,312.7,307.89,308.76,50882471.0,413271.0,309.860078
QQQ,2023-03-28 04:00:00+00:00,308.17,308.2,304.774,307.12,48979829.0,406194.0,306.198272
QQQ,2023-03-29 04:00:00+00:00,310.88,313.35,310.05,312.72,54252686.0,425435.0,311.723365
QQQ,2023-03-30 04:00:00+00:00,315.24,316.32,312.8088,315.68,58870823.0,417482.0,315.16502
QQQ,2023-03-31 04:00:00+00:00,315.91,321.17,315.6,320.93,62195639.0,464718.0,318.965903
QQQ,2023-04-03 04:00:00+00:00,318.77,320.42,317.4201,320.15,47688076.0,404726.0,318.959418
QQQ,2023-04-04 04:00:00+00:00,320.6,321.63,317.8251,319.07,46460316.0,375127.0,319.522077
QQQ,2023-04-05 04:00:00+00:00,318.1,319.06,314.07,315.92,63431289.0,487243.0,315.717315
QQQ,2023-04-06 04:00:00+00:00,314.24,318.55,312.82,318.05,47503080.0,398987.0,316.327038
QQQ,2023-04-10 04:00:00+00:00,315.07,317.92,313.25,317.87,45588018.0,351392.0,315.686709
QQQ,2023-04-11 04:00:00+00:00,317.83,317.89,315.31,315.83,40635344.0,317069.0,316.293051
QQQ,2023-04-12 04:00:00+00:00,317.82,318.42,312.565,313.04,62925362.0,465542.0,315.214897
QQQ,2023-04-13 04:00:00+00:00,314.83,319.65,313.63,319.17,54786929.0,419228.0,317.690289
QQQ,2023-04-14 04:00:00+00:00,317.59,320.36,315.61,318.57,56737137.0,417883.0,317.888821
QQQ,2023-04-17 04:00:00+00:00,318.15,319.1999,316.04,318.84,43278244.0,317542.0,317.641598
QQQ,2023-04-18 04:00:00+00:00,320.99,321.42,317.64,318.86,47109180.0,350426.0,319.013043
QQQ,2023-04-19 04:00:00+00:00,316.41,319.79,316.28,318.71,39383313.0,319455.0,318.202052
QQQ,2023-04-20 04:00:00+00:00,315.69,319.27,314.97,316.28,63027565.0,440541.0,317.060561
QQQ,2023-04-21 04:00:00+00:00,315.91,317.4,314.1,316.61,59396663.0,399248.0,316.024738
QQQ,2023-04-24 04:00:00+00:00,316.38,317.7391,313.74,315.95,44304686.0,327213.0,315.569503
QQQ,2023-04-25 04:00:00+00:00,314.29,314.97,309.89,309.99,57880041.0,421038.0,312.084499
QQQ,2023-04-26 04:00:00+00:00,313.44,314.935,311.34,311.87,55581263.0,403347.0,312.951232
QQQ,2023-04-27 04:00:00+00:00,315.7,320.86,315.05,320.35,66435209.0,453023.0,318.500911
QQQ,2023-04-28 04:00:00+00:00,320.11,322.65,318.96,322.56,59850895.0,438573.0,320.90951
QQQ,2023-05-01 04:00:00+00:00,322.09,323.63,321.09,322.19,41688306.0,331247.0,322.340487
QQQ,2023-05-02 04:00:00+00:00,322.12,322.45,317.61,319.38,57059687.0,441955.0,319.487771
QQQ,2023-05-03 04:00:00+00:00,319.75,322.47,317.18,317.29,60271290.0,540975.0,319.735338
QQQ,2023-05-04 04:00:00+00:00,317.06,318.23,315.115,316.17,50659197.0,429210.0,316.575658
QQQ,2023-05-05 04:00:00+00:00,318.47,323.76,316.2116,322.89,52057753.0,389429.0,321.457715
QQQ,2023-05-08 04:00:00+00:00,322.42,324.04,321.315,323.69,36885016.0,285992.0,322.756537
QQQ,2023-05-09 04:00:00+00:00,322.0,322.88,321.32,321.64,31895240.0,257776.0,321.922161
QQQ,2023-05-10 04:00:00+00:00,324.12,326.01,321.6,325.14,60898857.0,465008.0,324.217957
QQQ,2023-05-11 04:00:00+00:00,325.7,326.75,324.12,326.2,44557893.0,358970.0,325.588684
QQQ,2023-05-12 04:00:00+00:00,326.74,327.17,322.94,325.03,48755766.0,329515.0,324.648283
QQQ,2023-05-15 04:00:00+00:00,325.51,327.03,323.96,326.79,33846062.0,270958.0,325.838157
QQQ,2023-05-16 04:00:00+00:00,326.06,328.9025,326.02,327.16,40019151.0,326800.0,327.827088
QQQ,2023-05-17 04:00:00+00:00,328.24,331.71,327.04,331.12,48036281.0,380548.0,329.793463
QQQ,2023-05-18 04:00:00+00:00,331.52,337.49,331.5,337.27,64414975.0,544828.0,335.010212
QQQ,2023-05-19 04:00:00+00:00,337.49,338.205,335.43,336.51,61625184.0,435079.0,336.655981
QQQ,2023-05-22 04:00:00+00:00,336.25,338.67,336.24,337.64,43569439.0,343124.0,337.627226
QQQ,2023-05-23 04:00:00+00:00,335.89,337.06,333.0,333.36,48351629.0,408677.0,335.055421
QQQ,2023-05-24 04:00:00+00:00,331.37,332.905,329.56,331.65,63041068.0,452455.0,330.977755
QQQ,2023-05-25 04:00:00+00:00,339.14,341.01,336.665,339.72,66862773.0,542028.0,339.039027
QQQ,2023-05-26 04:00:00+00:00,340.76,349.245,340.66,348.4,63871016.0,497915.0,346.527709
QQQ,2023-05-30 04:00:00+00:00,352.71,353.93,348.53,349.98,73297753.0,585169.0,351.022462
QQQ,2023-05-31 04:00:00+00:00,348.37,350.6,346.51,347.99,65240236.0,453950.0,348.182739
QQQ,2023-06-01 04:00:00+00:00,347.73,353.36,346.66,352.01,50629250.0,440715.0,350.475399
QQQ,2023-06-02 04:00:00+00:00,353.8,355.83,352.01,354.65,62899088.0,517601.0,354.359387
QQQ,2023-06-05 04:00:00+00:00,354.43,357.495,353.85,354.9,47293803.0,395810.0,355.716412
QQQ,2023-06-06 04:00:00+00:00,354.28,355.82,352.93,354.84,41409510.0,319038.0,354.509122
QQQ,2023-06-07 04:00:00+00:00,355.13,357.12,348.18,348.82,69240268.0,536799.0,351.493988
QQQ,2023-06-08 04:00:00+00:00,349.12,353.62,348.89,353.15,47162034.0,381357.0,351.825762
QQQ,2023-06-09 04:00:00+00:00,354.63,357.66,353.03,354.5,53190761.0,404238.0,355.32932
QQQ,2023-06-12 04:00:00+00:00,356.19,360.59,355.2,360.49,44860892.0,354447.0,357.858213
QQQ,2023-06-13 04:00:00+00:00,363.29,364.11,360.03,363.26,57121403.0,477039.0,362.476758
QQQ,2023-06-14 04:00:00+00:00,363.27,366.19,360.42,365.9,69549870.0,568675.0,363.969398
QQQ,2023-06-15 04:00:00+00:00,364.61,371.77,363.98,370.26,71158439.0,537974.0,368.738729
QQQ,2023-06-16 04:00:00+00:00,372.72,372.85,367.48,367.93,80923624.0,475981.0,369.812858
QQQ,2023-06-20 04:00:00+00:00,365.95,368.32,363.8899,366.9,49229324.0,376557.0,366.249768
QQQ,2023-06-21 04:00:00+00:00,365.74,366.18,360.96,361.9,53411255.0,396174.0,362.984118
QQQ,2023-06-22 04:00:00+00:00,360.63,366.33,360.22,366.17,47631103.0,351110.0,364.162229
QQQ,2023-06-23 04:00:00+00:00,362.21,364.88,360.8227,362.54,48922912.0,365032.0,362.770957
QQQ,2023-06-26 04:00:00+00:00,362.0,364.84,357.59,357.68,52721416.0,397255.0,360.396456
QQQ,2023-06-27 04:00:00+00:00,359.25,364.57,358.51,363.83,49500695.0,356463.0,361.900868
QQQ,2023-06-28 04:00:00+00:00,361.98,366.52,361.9038,364.54,46525286.0,357737.0,364.148045
QQQ,2023-06-29 04:00:00+00:00,364.24,364.89,362.14,363.81,46150967.0,353319.0,363.565757
QQQ,2023-06-30 04:00:00+00:00,367.55,370.49,367.23,369.42,57476823.0,386389.0,369.435416
QQQ,2023-07-03 04:00:00+00:00,370.07,370.93,368.97,370.29,19279448.0,186588.0,369.826574
QQQ,2023-07-05 04:00:00+00:00,368.695,372.01,368.66,370.28,34482166.0,287438.0,370.56203
QQQ,2023-07-06 04:00:00+00:00,366.51,367.91,364.52,367.46,49398734.0,373865.0,366.308052
QQQ,2023-07-07 04:00:00+00:00,367.23,370.48,366.01,366.24,47133749.0,341171.0,368.170367
QQQ,2023-07-10 04:00:00+00:00,365.96,367.05,363.41,366.36,48524349.0,339511.0,365.53806
QQQ,2023-07-11 04:00:00+00:00,366.79,368.632,364.62,368.17,38230149.0,290017.0,366.745707
QQQ,2023-07-12 04:00:00+00:00,372.34,374.19,370.3,372.82,61725158.0,428185.0,372.559019
QQQ,2023-07-13 04:00:00+00:00,376.05,379.99,375.46,379.15,46983784.0,359226.0,377.712003
QQQ,2023-07-14 04:00:00+00:00,379.585,382.86,378.18,379.07,55148501.0,407768.0,380.542057
QQQ,2023-07-17 04:00:00+00:00,379.8,383.5,379.31,382.61,40886101.0,327269.0,381.335245
QQQ,2023-07-18 04:00:00+00:00,381.96,387.13,380.0,385.74,55366525.0,415533.0,383.660639
QQQ,2023-07-19 04:00:00+00:00,386.82,387.98,384.3,385.65,54254433.0,405759.0,386.190545
QQQ,2023-07-20 04:00:00+00:00,382.61,384.095,375.72,376.76,71988318.0,513457.0,379.474929
QQQ,2023-07-21 04:00:00+00:00,379.18,379.92,375.191,375.63,60499643.0,432374.0,377.02047
QQQ,2023-07-24 04:00:00+00:00,376.62,377.58,374.34,376.23,40397800.0,312418.0,376.074471
QQQ,2023-07-25 04:00:00+00:00,376.95,380.47,376.93,378.78,39049708.0,302852.0,378.869892
QQQ,2023-07-26 04:00:00+00:00,377.72,379.24,375.18,377.52,47110222.0,417703.0,377.022329
QQQ,2023-07-27 04:00:00+00:00,383.07,384.71,375.31,376.62,63972800.0,516326.0,380.393344
QQQ,2023-07-28 04:00:00+00:00,380.74,384.52,380.22,383.48,56902927.0,411208.0,382.976731
QQQ,2023-07-31 04:00:00+00:00,383.79,384.88,382.34,383.68,44056736.0,333358.0,383.409734
QQQ,2023-08-01 04:00:00+00:00,382.31,383.56,380.69,382.79,41443200.0,324170.0,382.549481
QQQ,2023-08-02 04:00:00+00:00,379.26,379.26,373.13,374.39,72756926.0,527418.0,375.351207
QQQ,2023-08-03 04:00:00+00:00,371.94,375.95,371.77,373.79,47948683.0,376305.0,373.954499
QQQ,2023-08-04 04:00:00+00:00,375.75,378.1,371.53,372.04,61702760.0,457619.0,374.700783
QQQ,2023-08-07 04:00:00+00:00,373.88,375.29,371.51,375.19,37257163.0,330987.0,373.572708
QQQ,2023-08-08 04:00:00+00:00,372.64,372.66,368.82,372.0,44742175.0,404291.0,370.55135
QQQ,2023-08-09 04:00:00+00:00,372.29,372.45,367.14,367.91,51214864.0,411585.0,369.180938
QQQ,2023-08-10 04:00:00+00:00,370.97,374.36,367.035,368.59,72078192.0,498127.0,370.374599
QQQ,2023-08-11 04:00:00+00:00,365.99,368.0,364.69,366.24,48707189.0,385878.0,366.087479
QQQ,2023-08-14 04:00:00+00:00,365.43,370.47,364.7,370.35,42186877.0,319245.0,368.459164
QQQ,2023-08-15 04:00:00+00:00,369.36,370.169,365.74,366.42,45555290.0,310249.0,367.543922
QQQ,2023-08-16 04:00:00+00:00,365.87,367.43,362.44,362.54,53216382.0,370562.0,364.748749
QQQ,2023-08-17 04:00:00+00:00,363.96,364.31,358.16,358.58,62652353.0,449210.0,360.925311
QQQ,2023-08-18 04:00:00+00:00,355.26,359.41,354.71,358.13,61191391.0,451004.0,356.993793
QQQ,2023-08-21 04:00:00+00:00,359.62,364.59,359.15,363.9,50738465.0,374418.0,361.975082
QQQ,2023-08-22 04:00:00+00:00,366.55,366.56,362.68,363.38,44644122.0,323148.0,364.117687
QQQ,2023-08-23 04:00:00+00:00,364.58,370.22,364.36,369.11,51884915.0,336099.0,368.340396
QQQ,2023-08-24 04:00:00+00:00,372.64,372.74,361.01,361.22,66966680.0,499053.0,365.471838
QQQ,2023-08-25 04:00:00+00:00,362.07,365.74,358.58,364.02,69960467.0,507195.0,362.328065
QQQ,2023-08-28 04:00:00+00:00,366.99,367.71,364.25,366.76,40927066.0,308742.0,365.869861
QQQ,2023-08-29 04:00:00+00:00,366.56,375.13,366.231,374.77,58537490.0,397764.0,372.629236
QQQ,2023-08-30 04:00:00+00:00,374.88,377.4467,373.86,376.86,41751165.0,312083.0,376.190014
QQQ,2023-08-31 04:00:00+00:00,376.94,379.719,376.87,377.99,35756083.0,274387.0,378.488468
QQQ,2023-09-01 04:00:00+00:00,380.4,380.83,376.0801,377.59,39801179.0,313158.0,377.717023
QQQ,2023-09-05 04:00:00+00:00,376.77,379.3093,375.83,378.07,32354992.0,258128.0,377.86503
QQQ,2023-09-06 04:00:00+00:00,377.28,377.63,372.7,374.74,43029625.0,338431.0,374.587847
QQQ,2023-09-07 04:00:00+00:00,370.21,372.85,369.15,372.06,52086860.0,355914.0,371.188674
QQQ,2023-09-08 04:00:00+00:00,372.01,374.85,371.6,372.58,35847361.0,276831.0,373.201575
QQQ,2023-09-11 04:00:00+00:00,375.66,377.49,373.66,376.97,39964653.0,293741.0,375.515458
QQQ,2023-09-12 04:00:00+00:00,375.27,376.9517,372.5,372.79,41418893.0,278877.0,374.30325
QQQ,2023-09-13 04:00:00+00:00,373.03,375.84,371.88,374.21,46311848.0,326012.0,374.248374
QQQ,2023-09-14 04:00:00+00:00,375.99,378.27,373.89,377.27,48054250.0,331234.0,376.716326
QQQ,2023-09-15 04:00:00+00:00,375.91,376.32,369.86,370.81,69811206.0,445066.0,371.790061
QQQ,2023-09-18 04:00:00+00:00,369.32,371.79,369.03,370.66,36923467.0,270389.0,370.621752
QQQ,2023-09-19 04:00:00+00:00,369.32,370.6826,366.8,369.87,37633273.0,294810.0,368.669536
QQQ,2023-09-20 04:00:00+00:00,370.95,371.31,364.46,364.54,45601078.0,362482.0,368.231632
QQQ,2023-09-21 04:00:00+00:00,360.8,361.6,357.69,357.86,69790992.0,528158.0,359.845301
QQQ,2023-09-22 04:00:00+00:00,359.63,361.8,357.59,357.91,51589691.0,401739.0,359.653151
QQQ,2023-09-25 04:00:00+00:00,356.93,359.7,355.93,359.61,39219545.0,330296.0,358.193835
QQQ,2023-09-26 04:00:00+00:00,356.99,357.54,353.2101,354.21,53717751.0,421890.0,355.067633
QQQ,2023-09-27 04:00:00+00:00,355.38,356.98,351.36,355.04,56104603.0,432141.0,354.43005
QQQ,2023-09-28 04:00:00+00:00,354.11,360.17,353.24,358.01,56483104.0,432031.0,357.133885
QQQ,2023-09-29 04:00:00+00:00,361.54,362.95,357.02,358.27,64829618.0,462455.0,359.751404
QQQ,2023-10-02 04:00:00+00:00,358.54,362.68,357.92,361.26,51664019.0,416691.0,360.031784
QQQ,2023-10-03 04:00:00+00:00,358.78,361.01,353.275,354.92,60544033.0,506244.0,355.930821
QQQ,2023-10-04 04:00:00+00:00,355.77,360.61,355.3,359.75,54980961.0,410859.0,358.071655
QQQ,2023-10-05 04:00:00+00:00,359.74,360.15,355.14,358.69,45915675.0,343537.0,357.557328
QQQ,2023-10-06 04:00:00+00:00,355.65,365.91,354.85,364.7,75049120.0,543379.0,361.395486
QQQ,2023-10-09 04:00:00+00:00,362.3,367.11,360.78,366.56,45319562.0,331639.0,364.237282
QQQ,2023-10-10 04:00:00+00:00,366.9,371.28,366.39,368.59,46993004.0,365577.0,369.140993
QQQ,2023-10-11 04:00:00+00:00,369.94,371.412,368.19,371.22,38250741.0,305635.0,369.92708
QQQ,2023-10-12 04:00:00+00:00,371.73,373.74,367.5,369.93,49610687.0,384820.0,370.838833
QQQ,2023-10-13 04:00:00+00:00,370.57,371.16,363.86,365.28,52519877.0,383126.0,366.467174
QQQ,2023-10-16 04:00:00+00:00,366.62,370.48,366.47,369.41,44239547.0,335907.0,369.089077
QQQ,2023-10-17 04:00:00+00:00,365.81,369.92,363.66,368.2,51020663.0,396554.0,367.359278
QQQ,2023-10-18 04:00:00+00:00,365.67,367.91,362.02,363.37,54334391.0,428583.0,364.990428
QQQ,2023-10-19 04:00:00+00:00,364.81,366.02,359.16,359.97,72352229.0,563484.0,362.783707
QQQ,2023-10-20 04:00:00+00:00,359.46,360.04,354.37,354.6,72559723.0,460182.0,356.471981
QQQ,2023-10-23 04:00:00+00:00,353.26,359.26,351.1199,355.67,61002991.0,446451.0,355.855303
QQQ,2023-10-24 04:00:00+00:00,357.51,359.91,355.79,359.13,47198099.0,363009.0,358.195615
QQQ,2023-10-25 04:00:00+00:00,356.7,356.88,349.75,350.34,71457569.0,528205.0,352.42829
QQQ,2023-10-26 04:00:00+00:00,349.12,350.07,342.35,343.66,78735619.0,612636.0,345.427719
QQQ,2023-10-27 04:00:00+00:00,346.43,348.84,344.08,345.31,63476709.0,484827.0,346.16461
QQQ,2023-10-30 04:00:00+00:00,347.83,350.54,346.45,349.2,55330941.0,404908.0,348.582121
QQQ,2023-10-31 04:00:00+00:00,349.23,351.25,346.62,350.87,47720521.0,369802.0,349.290708
QQQ,2023-11-01 04:00:00+00:00,351.72,357.5298,351.62,356.96,59054185.0,483984.0,354.50711
QQQ,2023-11-02 04:00:00+00:00,361.54,363.68,360.3,363.44,58248731.0,399647.0,362.349464
QQQ,2023-11-03 04:00:00+00:00,364.75,369.02,364.52,367.71,53280458.0,389266.0,367.049716
QQQ,2023-11-06 05:00:00+00:00,368.49,369.78,366.91,369.21,38881497.0,329836.0,368.452359
QQQ,2023-11-07 05:00:00+00:00,370.27,373.58,369.045,372.7,50791258.0,383954.0,372.247347
QQQ,2023-11-08 05:00:00+00:00,373.08,373.79,370.62,372.94,35704029.0,300568.0,372.448968
QQQ,2023-11-09 05:00:00+00:00,373.64,374.8,369.57,370.07,53927128.0,409608.0,372.069768
QQQ,2023-11-10 05:00:00+00:00,371.82,378.54,371.28,378.39,58368440.0,430109.0,375.592202
QQQ,2023-11-13 05:00:00+00:00,376.79,378.28,375.24,377.21,40786315.0,323043.0,377.095167
QQQ,2023-11-14 05:00:00+00:00,383.71,386.26,383.18,385.33,67822532.0,479935.0,384.922945
QQQ,2023-11-15 05:00:00+00:00,387.25,387.75,384.235,385.62,54207836.0,402195.0,386.224648
QQQ,2023-11-16 05:00:00+00:00,384.84,386.19,383.56,385.95,45375715.0,391607.0,385.094807
QQQ,2023-11-17 05:00:00+00:00,385.21,387.07,384.29,386.04,46622747.0,299357.0,385.657483
QQQ,2023-11-20 05:00:00+00:00,386.05,391.41,386.05,390.74,44573243.0,367461.0,389.458504
QQQ,2023-11-21 05:00:00+00:00,389.01,389.23,386.7,388.47,43373559.0,327111.0,388.047254
QQQ,2023-11-22 05:00:00+00:00,390.57,393.07,389.04,390.06,44204704.0,370681.0,390.645787
QQQ,2023-11-24 05:00:00+00:00,389.65,390.25,388.5,389.51,15718834.0,140541.0,389.282513
QQQ,2023-11-27 05:00:00+00:00,389.01,391.1499,388.28,389.17,34166921.0,306012.0,389.740238
QQQ,2023-11-28 05:00:00+00:00,388.41,390.78,388.05,390.19,35528919.0,283402.0,389.33747
QQQ,2023-11-29 05:00:00+00:00,392.69,394.14,389.46,389.81,38838780.0,305196.0,391.349076
QQQ,2023-11-30 05:00:00+00:00,390.08,390.55,385.82,388.83,52867162.0,366835.0,387.637349
QQQ,2023-12-01 05:00:00+00:00,387.75,390.54,386.0726,389.94,40490069.0,377499.0,388.721536
QQQ,2023-12-04 05:00:00+00:00,386.09,386.595,382.66,386.32,51214796.0,424020.0,385.00482
QQQ,2023-12-05 05:00:00+00:00,384.39,388.5,384.21,387.29,43000296.0,355279.0,386.683674
QQQ,2023-12-06 05:00:00+00:00,390.27,390.37,384.7,385.05,42011618.0,338681.0,386.896036
QQQ,2023-12-07 05:00:00+00:00,388.07,391.27,386.96,390.43,49604656.0,369870.0,389.716796
QQQ,2023-12-08 05:00:00+00:00,388.67,392.62,388.4801,392.17,46687525.0,369238.0,391.105921
QQQ,2023-12-11 05:00:00+00:00,391.74,395.79,391.53,395.52,41244109.0,363764.0,394.123695
QQQ,2023-12-12 05:00:00+00:00,395.56,398.79,394.41,398.67,39261008.0,298754.0,397.040883
QQQ,2023-12-13 05:00:00+00:00,399.62,404.36,398.8399,403.74,55437264.0,455760.0,401.567838
QQQ,2023-12-14 05:00:00+00:00,404.98,406.3,400.34,403.39,55498081.0,467540.0,403.585891
QQQ,2023-12-15 05:00:00+00:00,404.18,406.5399,403.57,405.34,62896645.0,420137.0,405.198908
QQQ,2023-12-18 05:00:00+00:00,404.93,407.99,404.6,407.08,46624804.0,315418.0,406.694416
QQQ,2023-12-19 05:00:00+00:00,407.54,409.28,407.345,409.16,35727994.0,278900.0,408.443297
QQQ,2023-12-20 05:00:00+00:00,408.35,410.4699,402.9,403.08,54216721.0,451792.0,406.784257
QQQ,2023-12-21 05:00:00+00:00,407.06,408.14,404.47,407.77,45603436.0,403749.0,406.44962
QQQ,2023-12-22 05:00:00+00:00,409.0,409.97,406.4787,408.38,34314203.0,292079.0,408.650532
QQQ,2023-12-26 05:00:00+00:00,409.25,411.56,409.15,410.88,22738364.0,206875.0,410.378993
QQQ,2023-12-27 05:00:00+00:00,410.95,411.7875,410.08,411.5,31988047.0,283252.0,410.924137
QQQ,2023-12-28 05:00:00+00:00,412.67,412.92,410.94,411.3,27046648.0,225906.0,411.83517
QQQ,2023-12-29 05:00:00+00:00,411.28,411.64,407.58,409.52,42662120.0,336604.0,409.411482
QQQ,2024-01-02 05:00:00+00:00,405.84,406.09,400.24,402.59,58073141.0,498841.0,402.642947
QQQ,2024-01-03 05:00:00+00:00,399.93,401.0,397.89,398.33,47037517.0,421720.0,399.376503
QQQ,2024-01-04 05:00:00+00:00,396.44,399.59,396.06,396.28,39471644.0,341643.0,397.541973
QQQ,2024-01-05 05:00:00+00:00,396.45,399.56,395.34,396.75,44923110.0,405464.0,397.442473
QQQ,2024-01-08 05:00:00+00:00,397.99,405.24,397.8399,404.95,42543338.0,362296.0,402.636103
QQQ,2024-01-09 05:00:00+00:00,401.91,406.69,401.71,405.75,39169918.0,364227.0,404.38407
QQQ,2024-01-10 05:00:00+00:00,406.07,409.515,405.17,408.5,33992114.0,303402.0,407.463463
QQQ,2024-01-11 05:00:00+00:00,409.79,411.2004,404.242,409.35,54577931.0,440352.0,407.59363
QQQ,2024-01-12 05:00:00+00:00,410.4,411.25,408.15,409.56,39594952.0,318193.0,409.467486
QQQ,2024-01-16 05:00:00+00:00,408.31,411.12,406.83,409.52,43934662.0,455366.0,408.857432
QQQ,2024-01-17 05:00:00+00:00,406.17,407.585,402.92,407.21,54411938.0,465602.0,405.275835
QQQ,2024-01-18 05:00:00+00:00,410.52,413.575,409.1601,412.99,59606648.0,492188.0,411.706252
QQQ,2024-01-19 05:00:00+00:00,415.22,421.34,414.625,421.18,70525123.0,512942.0,418.146964
QQQ,2024-01-22 05:00:00+00:00,423.41,424.7275,421.12,421.73,44907573.0,377737.0,422.438072
QQQ,2024-01-23 05:00:00+00:00,422.43,423.7,420.57,423.48,33037453.0,284795.0,422.171593
QQQ,2024-01-24 05:00:00+00:00,427.44,429.85,425.33,425.83,46992628.0,424197.0,427.457173
QQQ,2024-01-25 05:00:00+00:00,428.36,429.04,423.98,426.35,44443869.0,398557.0,426.657934
QQQ,2024-01-26 05:00:00+00:00,424.44,426.21,423.15,423.81,37137028.0,334453.0,424.454119
QQQ,2024-01-29 05:00:00+00:00,424.27,428.35,423.61,428.15,38694724.0,335381.0,425.767131
QQQ,2024-01-30 05:00:00+00:00,427.1,427.68,424.38,425.3,36738856.0,332880.0,425.932966
QQQ,2024-01-31 05:00:00+00:00,420.85,422.8699,416.79,416.97,64010649.0,582178.0,419.323089
QQQ,2024-02-01 05:00:00+00:00,418.79,422.375,417.81,421.88,51028222.0,419535.0,420.162536
QQQ,2024-02-02 05:00:00+00:00,423.8,430.24,422.79,429.01,59602935.0,505808.0,427.783334
QQQ,2024-02-05 05:00:00+00:00,429.07,429.61,425.0,428.45,39889409.0,394195.0,427.940872
QQQ,2024-02-06 05:00:00+00:00,429.61,430.22,425.22,427.59,35846134.0,357288.0,426.970753
QQQ,2024-02-07 05:00:00+00:00,430.41,432.83,429.09,431.99,37712661.0,354924.0,431.528436
QQQ,2024-02-08 05:00:00+00:00,432.11,433.56,431.42,432.79,29889892.0,263700.0,432.712504
QQQ,2024-02-09 05:00:00+00:00,433.94,437.845,433.1401,437.05,36943905.0,318987.0,436.104156
QQQ,2024-02-12 05:00:00+00:00,436.94,439.14,434.65,435.34,33203305.0,336732.0,436.773233
QQQ,2024-02-13 05:00:00+00:00,427.28,431.27,425.3305,428.55,64491669.0,581108.0,428.172893
QQQ,2024-02-14 05:00:00+00:00,431.26,433.65,428.8799,433.22,45092722.0,408090.0,431.323428
QQQ,2024-02-15 05:00:00+00:00,433.92,434.98,431.33,434.51,38796046.0,380496.0,433.48358
QQQ,2024-02-16 05:00:00+00:00,434.89,434.99,429.85,430.57,53716475.0,431034.0,432.217893
QQQ,2024-02-20 05:00:00+00:00,428.55,430.08,423.5,427.32,53999452.0,523984.0,425.871232
QQQ,2024-02-21 05:00:00+00:00,424.55,425.7,421.63,425.61,50379697.0,420211.0,423.92472
QQQ,2024-02-22 05:00:00+00:00,434.49,439.12,433.71,438.07,53887751.0,465808.0,436.788151
QQQ,2024-02-23 05:00:00+00:00,439.65,440.59,435.79,436.78,39853861.0,388920.0,437.92055
QQQ,2024-02-26 05:00:00+00:00,437.6,438.6,436.355,436.55,33043238.0,325480.0,437.530727
QQQ,2024-02-27 05:00:00+00:00,437.67,437.99,435.025,437.6,33751220.0,316292.0,437.007675
QQQ,2024-02-28 05:00:00+00:00,435.43,436.67,434.3,435.27,32938821.0,335872.0,435.356263
QQQ,2024-02-29 05:00:00+00:00,438.23,440.09,435.02,439.0,42495152.0,390948.0,438.137654
QQQ,2024-03-01 05:00:00+00:00,439.9,446.58,439.84,445.61,44198029.0,420589.0,443.935978
QQQ,2024-03-04 05:00:00+00:00,445.61,446.04,443.77,444.02,34325687.0,371428.0,444.989092
QQQ,2024-03-05 05:00:00+00:00,440.94,440.95,433.65,436.05,57957635.0,534185.0,436.417904
QQQ,2024-03-06 05:00:00+00:00,440.32,441.99,436.89,438.79,46234460.0,470938.0,439.421999
QQQ,2024-03-07 05:00:00+00:00,442.42,446.72,440.86,445.45,44526666.0,429605.0,444.829772
QQQ,2024-03-08 05:00:00+00:00,445.81,448.64,438.34,439.02,72095957.0,707733.0,442.488738
QQQ,2024-03-11 04:00:00+00:00,437.51,438.66,435.44,437.39,45859992.0,491997.0,437.222652
QQQ,2024-03-12 04:00:00+00:00,439.73,444.02,436.46,443.66,55500909.0,485666.0,441.519007
QQQ,2024-03-13 04:00:00+00:00,442.65,442.67,439.12,440.25,37941191.0,393450.0,440.748134
QQQ,2024-03-14 04:00:00+00:00,441.5,442.03,436.39,439.14,52195208.0,506470.0,439.010245
QQQ,2024-03-15 04:00:00+00:00,436.07,438.8733,432.7417,433.92,73753824.0,547081.0,434.594392
QQQ,2024-03-18 04:00:00+00:00,438.73,441.04,437.24,437.48,47323802.0,437040.0,439.141348
QQQ,2024-03-19 04:00:00+00:00,435.45,438.98,433.33,438.57,43004105.0,421423.0,436.622828
QQQ,2024-03-20 04:00:00+00:00,439.78,444.11,438.06,443.77,43653490.0,451165.0,440.962869
QQQ,2024-03-21 04:00:00+00:00,448.88,449.34,445.67,445.87,39345652.0,397227.0,447.576969
QQQ,2024-03-22 04:00:00+00:00,445.35,447.49,444.49,446.38,28253899.0,294670.0,446.040795
QQQ,2024-03-25 04:00:00+00:00,443.55,446.26,442.54,444.76,27789154.0,304146.0,444.965198
QQQ,2024-03-26 04:00:00+00:00,446.3,447.225,443.09,443.32,34142043.0,322568.0,445.269935
QQQ,2024-03-27 04:00:00+00:00,446.44,446.54,441.93,444.83,41353840.0,362647.0,443.537753
QQQ,2024-03-28 04:00:00+00:00,444.78,445.64,443.65,444.01,36839641.0,340138.0,444.551774
QQQ,2024-04-01 04:00:00+00:00,444.97,447.53,443.02,444.95,38742951.0,410573.0,444.975429
QQQ,2024-04-02 04:00:00+00:00,440.08,441.43,438.03,441.11,44263665.0,429744.0,439.729735
QQQ,2024-04-03 04:00:00+00:00,438.96,444.0,438.95,442.1,39949250.0,361110.0,442.277141
QQQ,2024-04-04 04:00:00+00:00,446.33,446.95,435.11,435.34,57267660.0,534372.0,441.307275
QQQ,2024-04-05 04:00:00+00:00,436.78,443.17,435.96,440.47,54744634.0,508806.0,440.304306
QQQ,2024-04-08 04:00:00+00:00,441.41,442.5,439.2,440.6,28144944.0,292921.0,440.88513
QQQ,2024-04-09 04:00:00+00:00,442.96,443.24,437.44,442.23,39521568.0,387303.0,440.352017
QQQ,2024-04-10 04:00:00+00:00,437.0,439.24,436.28,438.37,61502191.0,587972.0,437.729787
QQQ,2024-04-11 04:00:00+00:00,440.26,446.33,437.96,445.37,45474550.0,411141.0,442.641799
QQQ,2024-04-12 04:00:00+00:00,441.1,442.24,436.88,438.27,53614496.0,506777.0,439.034998
QQQ,2024-04-15 04:00:00+00:00,442.06,442.15,430.21,431.06,63453622.0,630598.0,434.774092
QQQ,2024-04-16 04:00:00+00:00,430.9,433.76,429.7,431.1,47618961.0,488294.0,431.452308
QQQ,2024-04-17 04:00:00+00:00,433.1,433.12,424.9,425.84,56880536.0,524843.0,427.955848
QQQ,2024-04-18 04:00:00+00:00,426.49,428.24,422.83,423.41,46549363.0,452023.0,425.043593
QQQ,2024-04-19 04:00:00+00:00,422.22,422.75,413.07,414.65,75233790.0,678214.0,417.046082
QQQ,2024-04-22 04:00:00+00:00,417.31,421.18,413.94,418.82,47807663.0,413284.0,417.49144
QQQ,2024-04-23 04:00:00+00:00,420.77,426.28,418.8715,425.07,44389491.0,390462.0,423.911002
QQQ,2024-04-24 04:00:00+00:00,428.2,429.73,424.2,426.51,48440305.0,419307.0,426.827097
QQQ,2024-04-25 04:00:00+00:00,419.24,425.32,418.14,424.45,57392169.0,522314.0,421.599482
QQQ,2024-04-26 04:00:00+00:00,427.62,432.55,426.92,431.0,41874907.0,366571.0,430.604214
QQQ,2024-04-29 04:00:00+00:00,433.13,433.76,429.98,432.75,30022161.0,318659.0,432.110547
QQQ,2024-04-30 04:00:00+00:00,431.15,432.56,424.51,424.59,43665934.0,376214.0,428.311629
QQQ,2024-05-01 04:00:00+00:00,423.15,430.14,420.66,421.52,52252482.0,551541.0,424.136287
QQQ,2024-05-02 04:00:00+00:00,425.3,427.81,420.63,426.9,36559007.0,362715.0,424.880126
QQQ,2024-05-03 04:00:00+00:00,434.44,436.48,432.62,435.48,48515252.0,418499.0,434.808115
QQQ,2024-05-06 04:00:00+00:00,437.3,440.34,436.52,440.25,30227200.0,312634.0,438.425146
QQQ,2024-05-07 04:00:00+00:00,440.7,441.97,439.58,440.32,31688094.0,286481.0,440.815977
QQQ,2024-05-08 04:00:00+00:00,437.67,441.48,437.55,440.06,24896723.0,256627.0,439.80314
QQQ,2024-05-09 04:00:00+00:00,440.33,441.6,438.46,441.02,24580121.0,252799.0,440.508161
QQQ,2024-05-10 04:00:00+00:00,442.54,444.31,440.499,442.06,27116566.0,266215.0,442.073133
QQQ,2024-05-13 04:00:00+00:00,443.99,444.09,441.65,443.08,23000792.0,216525.0,442.92486
QQQ,2024-05-14 04:00:00+00:00,442.65,446.465,442.46,445.93,34478321.0,312865.0,444.506711
QQQ,2024-05-15 04:00:00+00:00,448.43,453.15,446.9,452.9,41464651.0,391235.0,450.921732
QQQ,2024-05-16 04:00:00+00:00,452.71,454.69,451.81,451.98,34780412.0,303661.0,453.180443
QQQ,2024-05-17 04:00:00+00:00,452.11,452.72,449.5399,451.76,35803719.0,270369.0,451.569816
QQQ,2024-05-20 04:00:00+00:00,451.98,455.58,451.785,454.91,24478626.0,239819.0,454.389646
QQQ,2024-05-21 04:00:00+00:00,453.04,455.99,452.84,455.8,23167720.0,196904.0,454.658099
QQQ,2024-05-22 04:00:00+00:00,456.06,456.82,453.08,455.71,25120040.0,227401.0,455.304187
QQQ,2024-05-23 04:00:00+00:00,460.55,460.58,451.8503,453.66,40899230.0,328503.0,456.328822
QQQ,2024-05-24 04:00:00+00:00,455.29,459.23,453.5674,457.95,29670361.0,239541.0,457.398922
QQQ,2024-05-28 04:00:00+00:00,459.18,459.74,456.69,459.68,26216815.0,251918.0,458.517569
QQQ,2024-05-29 04:00:00+00:00,455.48,458.24,455.34,456.44,29739238.0,227689.0,457.038266
QQQ,2024-05-30 04:00:00+00:00,455.5,455.64,450.21,451.55,30714121.0,277737.0,453.119338
QQQ,2024-05-31 04:00:00+00:00,451.78,452.48,443.055,450.71,55941301.0,405268.0,447.5268
QQQ,2024-06-03 04:00:00+00:00,454.57,455.58,447.9,453.13,32920317.0,324331.0,451.964345
QQQ,2024-06-04 04:00:00+00:00,452.87,455.575,451.1311,454.37,23767436.0,256331.0,453.018084
QQQ,2024-06-05 04:00:00+00:00,457.98,463.61,454.408,463.53,33817409.0,302022.0,460.919423
QQQ,2024-06-06 04:00:00+00:00,464.22,464.54,462.19,463.37,21966820.0,218739.0,463.417799
QQQ,2024-06-07 04:00:00+00:00,463.0,465.74,461.84,462.96,25829720.0,214526.0,463.424979
QQQ,2024-06-10 04:00:00+00:00,461.82,465.19,461.53,464.83,20719771.0,224089.0,463.835284
QQQ,2024-06-11 04:00:00+00:00,463.54,468.14,462.03,468.02,22053281.0,235310.0,465.371846
QQQ,2024-06-12 04:00:00+00:00,471.99,476.5,471.29,474.15,34532585.0,332563.0,474.287576
QQQ,2024-06-13 04:00:00+00:00,477.72,478.39,474.42,476.72,25860514.0,266368.0,476.60964
QQQ,2024-06-14 04:00:00+00:00,476.52,479.26,476.05,479.19,23372620.0,237683.0,477.86319
QQQ,2024-06-17 04:00:00+00:00,479.46,486.86,478.14,485.06,37054504.0,326989.0,483.355785
QQQ,2024-06-18 04:00:00+00:00,485.01,485.9,483.43,485.21,24438565.0,249179.0,484.906218
QQQ,2024-06-20 04:00:00+00:00,486.42,486.8387,479.62,481.47,33918683.0,333038.0,482.817011
QQQ,2024-06-21 04:00:00+00:00,481.19,482.535,478.67,480.18,39432913.0,290553.0,480.574936
QQQ,2024-06-24 04:00:00+00:00,478.18,479.93,473.82,473.96,37750969.0,343346.0,476.409526
QQQ,2024-06-25 04:00:00+00:00,476.07,479.68,475.12,479.38,29250209.0,246603.0,477.965319
QQQ,2024-06-26 04:00:00+00:00,478.55,480.92,478.13,480.37,22737105.0,233143.0,479.687861
QQQ,2024-06-27 04:00:00+00:00,480.12,483.1,479.3,481.61,26222135.0,216626.0,481.212497
QQQ,2024-06-28 04:00:00+00:00,482.41,487.2,478.46,479.11,34777332.0,316415.0,482.237391
QQQ,2024-07-01 04:00:00+00:00,480.04,482.49,476.255,481.92,24898336.0,267956.0,479.853136
QQQ,2024-07-02 04:00:00+00:00,480.41,487.04,480.28,486.98,26723559.0,255320.0,484.384178
QQQ,2024-07-03 04:00:00+00:00,486.22,491.17,486.22,491.04,18064880.0,203164.0,489.132239
QQQ,2024-07-05 04:00:00+00:00,491.89,496.6,491.59,496.16,28495936.0,285772.0,494.885271
QQQ,2024-07-08 04:00:00+00:00,496.53,497.895,495.5,497.34,22109420.0,256289.0,496.640899
QQQ,2024-07-09 04:00:00+00:00,498.87,500.0,496.24,497.77,25701253.0,238426.0,498.125929
QQQ,2024-07-10 04:00:00+00:00,499.71,503.52,498.39,502.96,28046901.0,264545.0,501.217423
QQQ,2024-07-11 04:00:00+00:00,503.07,503.28,490.725,491.93,49966590.0,497036.0,495.209021
QQQ,2024-07-12 04:00:00+00:00,492.51,499.62,492.04,494.82,37109399.0,319966.0,496.140791
QQQ,2024-07-15 04:00:00+00:00,496.61,501.01,494.09,496.15,31151386.0,317900.0,497.152859
QQQ,2024-07-16 04:00:00+00:00,497.62,498.44,493.15,496.34,25950622.0,271881.0,495.380816
QQQ,2024-07-17 04:00:00+00:00,488.28,488.7984,481.7,481.77,56268768.0,519248.0,484.319836
QQQ,2024-07-18 04:00:00+00:00,485.53,485.71,476.27,479.49,49347361.0,433743.0,479.980315
QQQ,2024-07-19 04:00:00+00:00,479.15,481.69,473.94,475.24,42042856.0,363746.0,476.753203
QQQ,2024-07-22 04:00:00+00:00,481.16,483.35,477.7068,482.32,40299999.0,349670.0,481.245634
QQQ,2024-07-23 04:00:00+00:00,481.41,484.43,480.14,480.62,23282454.0,255856.0,482.050046
QQQ,2024-07-24 04:00:00+00:00,473.82,474.19,462.51,463.38,58818629.0,515506.0,467.000352
QQQ,2024-07-25 04:00:00+00:00,463.72,467.94,455.63,458.27,59256759.0,533569.0,462.041523
QQQ,2024-07-26 04:00:00+00:00,462.65,465.93,459.77,462.97,39992132.0,401685.0,462.641627
QQQ,2024-07-29 04:00:00+00:00,465.71,467.91,461.615,463.9,28218476.0,318656.0,465.161541
QQQ,2024-07-30 04:00:00+00:00,465.85,466.561,454.15,457.53,41317210.0,397268.0,459.024344
QQQ,2024-07-31 04:00:00+00:00,467.87,472.79,466.41,471.07,44552134.0,444022.0,469.774005
QQQ,2024-08-01 04:00:00+00:00,471.76,475.55,455.98,459.66,56653900.0,571700.0,463.186398
QQQ,2024-08-02 04:00:00+00:00,450.89,453.57,444.47,448.75,66323244.0,709648.0,447.929365
QQQ,2024-08-05 04:00:00+00:00,424.71,442.29,423.45,435.37,87483452.0,1063062.0,434.720192
QQQ,2024-08-06 04:00:00+00:00,437.23,447.07,434.56,439.53,63164429.0,632351.0,441.859655
QQQ,2024-08-07 04:00:00+00:00,446.49,449.0,434.37,434.77,54929163.0,559480.0,441.888432
QQQ,2024-08-08 04:00:00+00:00,441.06,448.99,437.15,448.07,47890071.0,488152.0,445.065758
QQQ,2024-08-09 04:00:00+00:00,446.74,452.06,445.61,450.41,33573976.0,371460.0,449.003079
QQQ,2024-08-12 04:00:00+00:00,451.39,454.37,448.5546,451.38,27795006.0,324636.0,451.445063
QQQ,2024-08-13 04:00:00+00:00,455.82,462.85,455.68,462.58,40084457.0,346913.0,460.246363
QQQ,2024-08-14 04:00:00+00:00,463.51,465.1093,458.4,462.73,34733746.0,345689.0,462.032617
QQQ,2024-08-15 04:00:00+00:00,468.76,474.82,468.38,474.42,38280565.0,359087.0,472.542322
QQQ,2024-08-16 04:00:00+00:00,472.62,476.41,471.65,475.03,38383623.0,303430.0,474.228944
QQQ,2024-08-19 04:00:00+00:00,475.17,481.31,473.37,481.27,23737674.0,277160.0,477.337479
QQQ,2024-08-20 04:00:00+00:00,480.35,482.94,478.55,480.26,29209340.0,277583.0,480.602527
QQQ,2024-08-21 04:00:00+00:00,481.05,484.37,479.32,482.5,25658787.0,267863.0,481.872031
QQQ,2024-08-22 04:00:00+00:00,484.84,485.54,473.81,474.85,37739576.0,363093.0,478.28579
QQQ,2024-08-23 04:00:00+00:00,479.24,482.74,475.28,480.0,36061508.0,367679.0,479.196825
QQQ,2024-08-26 04:00:00+00:00,479.45,480.38,473.24,475.34,27452641.0,324165.0,475.688099
QQQ,2024-08-27 04:00:00+00:00,473.69,477.84,471.71,476.76,27510003.0,290937.0,475.988725
QQQ,2024-08-28 04:00:00+00:00,476.29,477.02,467.89,471.35,37372436.0,388950.0,471.498765
QQQ,2024-08-29 04:00:00+00:00,473.28,477.93,469.372,470.66,41081465.0,426345.0,474.169264
QQQ,2024-08-30 04:00:00+00:00,475.04,476.9,470.51,476.27,33466473.0,340072.0,474.255802
QQQ,2024-09-03 04:00:00+00:00,473.2,473.33,459.4101,461.81,44985219.0,505608.0,465.572803
QQQ,2024-09-04 04:00:00+00:00,458.67,464.45,457.73,460.61,32505102.0,384738.0,461.270902
QQQ,2024-09-05 04:00:00+00:00,458.97,465.36,457.939,461.04,34452385.0,378341.0,461.13905
QQQ,2024-09-06 04:00:00+00:00,460.33,461.22,448.19,448.69,50624385.0,570906.0,451.655669
QQQ,2024-09-09 04:00:00+00:00,453.06,455.46,449.8234,454.46,32981169.0,360385.0,453.225397
QQQ,2024-09-10 04:00:00+00:00,456.24,459.17,452.23,458.66,29680319.0,332577.0,456.449543
QQQ,2024-09-11 04:00:00+00:00,459.91,469.37,451.28,468.62,57842992.0,530959.0,460.699169
QQQ,2024-09-12 04:00:00+00:00,468.65,474.04,466.8491,473.22,40175456.0,375549.0,471.105762
QQQ,2024-09-13 04:00:00+00:00,472.48,476.53,472.25,475.34,29111849.0,308141.0,474.955951
QQQ,2024-09-16 04:00:00+00:00,473.19,473.8599,469.89,473.24,22585596.0,296585.0,472.073132
QQQ,2024-09-17 04:00:00+00:00,476.29,477.6,470.97,473.49,30084438.0,320967.0,474.256699
QQQ,2024-09-18 04:00:00+00:00,474.7,478.83,470.83,471.44,39909215.0,461128.0,474.287684
QQQ,2024-09-19 04:00:00+00:00,482.61,486.23,480.49,483.36,52782523.0,446900.0,483.800621
QQQ,2024-09-20 04:00:00+00:00,482.49,483.69,478.3,482.44,34577663.0,336162.0,481.631971
QQQ,2024-09-23 04:00:00+00:00,482.95,484.14,481.6,483.04,24842972.0,271739.0,482.92753
QQQ,2024-09-24 04:00:00+00:00,484.46,486.33,480.17,485.37,25952637.0,295811.0,484.11757
QQQ,2024-09-25 04:00:00+00:00,484.74,487.79,484.56,485.82,26549866.0,273226.0,486.0356
QQQ,2024-09-26 04:00:00+00:00,493.37,493.7,485.8,489.47,32020206.0,312744.0,489.204527
QQQ,2024-09-27 04:00:00+00:00,490.5,490.64,485.56,486.75,22851120.0,281091.0,487.776583
QQQ,2024-09-30 04:00:00+00:00,485.78,488.41,482.92,488.07,30330605.0,312069.0,486.249101
QQQ,2024-10-01 04:00:00+00:00,487.7,488.0,477.4,481.27,42735424.0,498082.0,481.156036
QQQ,2024-10-02 04:00:00+00:00,480.36,483.88,477.72,481.95,23744049.0,281556.0,481.752183
QQQ,2024-10-03 04:00:00+00:00,479.74,484.545,478.99,481.59,25337220.0,291755.0,481.383272
QQQ,2024-10-04 04:00:00+00:00,487.45,487.88,482.385,487.32,30744909.0,333558.0,485.433856
QQQ,2024-10-07 04:00:00+00:00,485.39,486.57,480.87,482.1,24975119.0,305180.0,483.963898
QQQ,2024-10-08 04:00:00+00:00,484.66,489.99,483.845,489.3,28272017.0,264717.0,487.61264
QQQ,2024-10-09 04:00:00+00:00,489.0,493.73,487.95,493.15,24994950.0,267798.0,491.454568
QQQ,2024-10-10 04:00:00+00:00,490.85,494.47,489.53,492.59,25750446.0,255455.0,492.267452
QQQ,2024-10-11 04:00:00+00:00,490.74,494.39,490.17,493.36,20644497.0,241136.0,492.891662
QQQ,2024-10-14 04:00:00+00:00,495.77,498.83,495.26,497.5,26060145.0,255784.0,497.15633
QQQ,2024-10-15 04:00:00+00:00,497.83,498.5,488.68,490.85,34784506.0,374025.0,492.279177
QQQ,2024-10-16 04:00:00+00:00,491.18,491.69,487.57,490.91,22996776.0,251937.0,490.031695
QQQ,2024-10-17 04:00:00+00:00,496.44,496.49,491.1901,491.25,27210658.0,288643.0,493.173165
QQQ,2024-10-18 04:00:00+00:00,494.06,495.57,493.3,494.47,25335030.0,241795.0,494.526471
QQQ,2024-10-21 04:00:00+00:00,493.25,496.23,491.31,495.42,30336549.0,287855.0,494.113725
QQQ,2024-10-22 04:00:00+00:00,492.73,497.445,491.97,495.96,26685841.0,276873.0,495.084048
QQQ,2024-10-23 04:00:00+00:00,493.59,494.25,485.05,488.36,39346565.0,401724.0,489.529794
QQQ,2024-10-24 04:00:00+00:00,492.11,493.0,489.44,492.32,22024930.0,251472.0,491.581771
QQQ,2024-10-25 04:00:00+00:00,495.14,500.28,494.43,495.32,38762143.0,387047.0,497.470977
QQQ,2024-10-28 04:00:00+00:00,498.46,498.52,495.1,495.4,20477778.0,264930.0,496.470169
QQQ,2024-10-29 04:00:00+00:00,495.72,501.35,493.85,500.16,28014059.0,288030.0,498.621838
QQQ,2024-10-30 04:00:00+00:00,499.39,500.35,495.89,496.38,29755960.0,305860.0,498.218661
QQQ,2024-10-31 04:00:00+00:00,492.38,492.43,483.75,483.85,41245248.0,480181.0,486.039665
QQQ,2024-11-01 04:00:00+00:00,485.5,490.7507,485.2,487.43,33655757.0,360159.0,488.315326
QQQ,2024-11-04 05:00:00+00:00,486.82,489.38,484.2545,486.01,23291580.0,279689.0,486.79878
QQQ,2024-11-05 05:00:00+00:00,487.61,492.88,487.52,492.21,24353615.0,233751.0,491.181981
QQQ,2024-11-06 05:00:00+00:00,500.56,506.41,499.6,505.58,43082198.0,442003.0,503.417457
QQQ,2024-11-07 05:00:00+00:00,508.4,514.33,508.34,513.54,32853120.0,328922.0,512.108107
QQQ,2024-11-08 05:00:00+00:00,513.035,514.9175,512.41,514.14,22924483.0,252270.0,513.807595
QQQ,2024-11-11 05:00:00+00:00,515.37,515.58,510.92,513.84,24167479.0,260971.0,513.193932
QQQ,2024-11-12 05:00:00+00:00,513.77,514.66,509.83,512.91,25835288.0,245684.0,512.749511
QQQ,2024-11-13 05:00:00+00:00,512.4,514.98,509.95,512.25,24567416.0,242243.0,512.614662
QQQ,2024-11-14 05:00:00+00:00,511.91,512.79,507.77,508.69,28679519.0,260753.0,510.028874
QQQ,2024-11-15 05:00:00+00:00,502.94,503.33,494.49,496.57,51461054.0,473313.0,497.852601
QQQ,2024-11-18 05:00:00+00:00,498.13,502.14,496.73,500.02,27226937.0,282130.0,499.873819
QQQ,2024-11-19 05:00:00+00:00,497.42,503.9536,497.08,503.46,24531520.0,238242.0,501.282965
QQQ,2024-11-20 05:00:00+00:00,503.16,503.48,496.555,503.17,29389630.0,319149.0,500.184486
QQQ,2024-11-21 05:00:00+00:00,506.24,506.96,497.56,504.98,34526738.0,347733.0,503.125166
QQQ,2024-11-22 05:00:00+00:00,504.42,506.53,502.78,505.79,23826644.0,251779.0,505.113888
QQQ,2024-11-25 05:00:00+00:00,509.9,511.4525,504.2625,506.59,26375166.0,277564.0,507.252168
QQQ,2024-11-26 05:00:00+00:00,508.08,510.14,507.23,509.31,26557061.0,229192.0,508.692429
QQQ,2024-11-27 05:00:00+00:00,508.17,508.24,501.93,505.3,24957441.0,276570.0,504.699523
QQQ,2024-11-29 05:00:00+00:00,505.93,510.34,505.31,509.74,15333968.0,165449.0,508.809221
QQQ,2024-12-02 05:00:00+00:00,511.01,516.26,510.62,515.29,25147165.0,264931.0,514.617936
QQQ,2024-12-03 05:00:00+00:00,513.95,517.15,513.37,516.87,18597900.0,189314.0,515.464854
QQQ,2024-12-04 05:00:00+00:00,520.32,523.52,519.6,523.26,26086222.0,243827.0,521.806143
QQQ,2024-12-05 05:00:00+00:00,523.31,524.0399,521.42,521.81,18169632.0,193217.0,522.640907
QQQ,2024-12-06 05:00:00+00:00,522.48,526.72,522.35,526.48,23762611.0,218262.0,525.691214
QQQ,2024-12-09 05:00:00+00:00,525.55,526.35,521.22,522.38,20674405.0,233653.0,523.174441
QQQ,2024-12-10 05:00:00+00:00,523.62,525.38,519.16,520.6,24350040.0,247863.0,521.941145
QQQ,2024-12-11 05:00:00+00:00,525.0,530.61,524.59,529.92,32168579.0,275787.0,528.814822
QQQ,2024-12-12 05:00:00+00:00,527.68,528.96,526.02,526.5,23577504.0,227178.0,527.579018
QQQ,2024-12-13 05:00:00+00:00,530.46,533.1661,527.3001,530.53,28780405.0,263813.0,530.056292
QQQ,2024-12-16 05:00:00+00:00,533.08,539.15,533.0,538.17,31979863.0,300910.0,536.694699
QQQ,2024-12-17 05:00:00+00:00,536.36,537.48,534.13,535.8,28579070.0,323887.0,535.68502
QQQ,2024-12-18 05:00:00+00:00,535.15,536.8799,515.01,516.47,54703155.0,552290.0,525.441408
QQQ,2024-12-19 05:00:00+00:00,521.19,521.7599,513.83,514.17,46441754.0,487933.0,517.490527
QQQ,2024-12-20 05:00:00+00:00,510.44,524.82,509.29,518.66,60529961.0,496624.0,519.076265
QQQ,2024-12-23 05:00:00+00:00,519.55,523.25,516.13,522.87,29672800.0,312338.0,520.950433
QQQ,2024-12-24 05:00:00+00:00,524.83,530.05,524.19,529.96,17558215.0,181577.0,527.931334
QQQ,2024-12-26 05:00:00+00:00,528.32,531.24,526.31,529.6,19141494.0,221613.0,529.559708
QQQ,2024-12-27 05:00:00+00:00,526.01,526.45,517.86,522.56,33839555.0,382868.0,520.991695
QQQ,2024-12-30 05:00:00+00:00,515.51,519.36,511.83,515.61,34584028.0,377938.0,516.19014
QQQ,2024-12-31 05:00:00+00:00,516.9,517.66,510.26,511.23,29117028.0,333368.0,512.951581
QQQ,2025-01-02 05:00:00+00:00,514.3,516.64,505.71,510.23,36389783.0,480227.0,510.616905
QQQ,2025-01-03 05:00:00+00:00,513.35,519.6454,512.53,518.58,29059520.0,306881.0,517.023927
QQQ,2025-01-06 05:00:00+00:00,524.02,527.92,522.03,524.54,36109734.0,371230.0,525.06914
QQQ,2025-01-07 05:00:00+00:00,525.59,525.99,513.28,515.18,36690272.0,415904.0,518.250062
QQQ,2025-01-08 05:00:00+00:00,515.08,516.9199,510.57,515.27,30777777.0,340643.0,514.490503
QQQ,2025-01-10 05:00:00+00:00,511.48,511.58,503.92,507.19,40532495.0,495155.0,507.522451
QQQ,2025-01-13 05:00:00+00:00,501.2,506.02,499.7,505.56,31694210.0,385199.0,502.759811
QQQ,2025-01-14 05:00:00+00:00,508.74,510.155,501.59,505.08,33703549.0,352188.0,505.368935
